--use jpashop;

--INSERT INTO CATEGORY (ID,NAME) VALUES (0,'Music');
--INSERT INTO CATEGORY (ID,NAME) VALUES (1,'Artwork');
--INSERT INTO CATEGORY (ID,NAME) VALUES (2,'Movie');
--INSERT INTO CATEGORY (ID,NAME) VALUES (3,'Ebook');
--INSERT INTO CATEGORY (ID,NAME) VALUES (4,'Course');
--
--INSERT INTO MEMBER (BLOCKED,MEMBER_ID,EMAIL,NAME,PASSWORD) VALUES (0,1,'1@1','a1','$2a$10$WR5UE50cjF03s8gsctsiWODrfwdWx5c31lX0/Qavll7ZFwXRikin6');
--INSERT INTO MEMBER (BLOCKED,MEMBER_ID,EMAIL,NAME,PASSWORD) VALUES (0,2,'1@1','a2','$2a$10$WR5UE50cjF03s8gsctsiWODrfwdWx5c31lX0/Qavll7ZFwXRikin6');
--INSERT INTO MEMBER (BLOCKED,MEMBER_ID,EMAIL,NAME,PASSWORD) VALUES (0,3,'1@1','a3','$2a$10$WR5UE50cjF03s8gsctsiWODrfwdWx5c31lX0/Qavll7ZFwXRikin6');
--
--INSERT INTO SELLER (MEMBER_ID,SELLER_ID,NAME) VALUES (1,1,'MakeEverything');
--INSERT INTO SELLER (MEMBER_ID,SELLER_ID,NAME) VALUES (2,2,'MUSICMAKERXX');
--INSERT INTO SELLER (MEMBER_ID,SELLER_ID,NAME) VALUES (3,3,'ARTMAN11');
--
--INSERT INTO ITEM (PRICE,QUANTITY_STATE,STOCK_QUANTITY,ITEM_ID,SELLER_ID,DTYPE,CONTENT,NAME) VALUES (10000,1,0,1,1,'Ar','this is art1','art1');
--INSERT INTO ITEM (PRICE,QUANTITY_STATE,STOCK_QUANTITY,ITEM_ID,SELLER_ID,DTYPE,CONTENT,NAME) VALUES (13000,1,0,2,1,'Ar','this is art2','art2');
--INSERT INTO ITEM (PRICE,QUANTITY_STATE,STOCK_QUANTITY,ITEM_ID,SELLER_ID,DTYPE,CONTENT,NAME) VALUES (8000,1,0,3,1,'Ar','this is art3','art3');
--INSERT INTO ITEM (PRICE,QUANTITY_STATE,STOCK_QUANTITY,ITEM_ID,SELLER_ID,DTYPE,CONTENT,NAME) VALUES (4000,1,0,4,1,'Ar','this is art4','art4');
--INSERT INTO ITEM (PRICE,QUANTITY_STATE,STOCK_QUANTITY,ITEM_ID,SELLER_ID,DTYPE,CONTENT,NAME) VALUES (2000,1,0,5,1,'Ar','this is art5','art5');
--INSERT INTO ITEM (PRICE,QUANTITY_STATE,STOCK_QUANTITY,ITEM_ID,SELLER_ID,DTYPE,CONTENT,NAME) VALUES (15000,1,0,6,1,'Ar','this is art6','art6');
--INSERT INTO ITEM (PRICE,QUANTITY_STATE,STOCK_QUANTITY,ITEM_ID,SELLER_ID,DTYPE,CONTENT,NAME) VALUES (9000,1,0,7,1,'Ar','this is art7','art7');
--INSERT INTO ITEM (PRICE,QUANTITY_STATE,STOCK_QUANTITY,ITEM_ID,SELLER_ID,DTYPE,CONTENT,NAME) VALUES (2000,1,0,8,1,'Ar','this is art8','art8');
--INSERT INTO ITEM (PRICE,QUANTITY_STATE,STOCK_QUANTITY,ITEM_ID,SELLER_ID,DTYPE,CONTENT,NAME) VALUES (1000,1,0,9,1,'Ar','this is art9','art9');
--INSERT INTO ITEM (PRICE,QUANTITY_STATE,STOCK_QUANTITY,ITEM_ID,SELLER_ID,DTYPE,CONTENT,NAME) VALUES (1000,1,0,10,1,'Ar','this is art10','art10');
--INSERT INTO ITEM (PRICE,QUANTITY_STATE,STOCK_QUANTITY,ITEM_ID,SELLER_ID,DTYPE,CONTENT,NAME) VALUES (500,1,0,21,3,'Ar','this is art11','art11');
--INSERT INTO ITEM (PRICE,QUANTITY_STATE,STOCK_QUANTITY,ITEM_ID,SELLER_ID,DTYPE,CONTENT,NAME) VALUES (500,1,0,22,3,'Ar','this is art12','art12');
--INSERT INTO ITEM (PRICE,QUANTITY_STATE,STOCK_QUANTITY,ITEM_ID,SELLER_ID,DTYPE,CONTENT,NAME) VALUES (500,1,0,23,3,'Ar','this is art13','art13');
--
--
--INSERT INTO ITEM (PRICE,QUANTITY_STATE,STOCK_QUANTITY,ITEM_ID,SELLER_ID,DTYPE,CONTENT,NAME) VALUES (10000,1,0,11,1,'Mu','this is music1','music1');
--INSERT INTO ITEM (PRICE,QUANTITY_STATE,STOCK_QUANTITY,ITEM_ID,SELLER_ID,DTYPE,CONTENT,NAME) VALUES (10000,1,0,12,2,'Mu','this is music2','music2');
--INSERT INTO ITEM (PRICE,QUANTITY_STATE,STOCK_QUANTITY,ITEM_ID,SELLER_ID,DTYPE,CONTENT,NAME) VALUES (10000,1,0,13,2,'Mu','this is music3','music3');
--INSERT INTO ITEM (PRICE,QUANTITY_STATE,STOCK_QUANTITY,ITEM_ID,SELLER_ID,DTYPE,CONTENT,NAME) VALUES (10000,1,0,14,2,'Mu','this is music4','music4');
--INSERT INTO ITEM (PRICE,QUANTITY_STATE,STOCK_QUANTITY,ITEM_ID,SELLER_ID,DTYPE,CONTENT,NAME) VALUES (10000,1,0,15,2,'Mu','this is music5','music5');
--INSERT INTO ITEM (PRICE,QUANTITY_STATE,STOCK_QUANTITY,ITEM_ID,SELLER_ID,DTYPE,CONTENT,NAME) VALUES (10000,1,0,16,2,'Mu','this is music6','music6');
--INSERT INTO ITEM (PRICE,QUANTITY_STATE,STOCK_QUANTITY,ITEM_ID,SELLER_ID,DTYPE,CONTENT,NAME) VALUES (10000,1,0,17,2,'Mu','this is music7','music7');
--INSERT INTO ITEM (PRICE,QUANTITY_STATE,STOCK_QUANTITY,ITEM_ID,SELLER_ID,DTYPE,CONTENT,NAME) VALUES (10000,1,0,18,2,'Mu','this is music8','music8');
--INSERT INTO ITEM (PRICE,QUANTITY_STATE,STOCK_QUANTITY,ITEM_ID,SELLER_ID,DTYPE,CONTENT,NAME) VALUES (10000,1,0,19,2,'Mu','this is music9','music9');
--INSERT INTO ITEM (PRICE,QUANTITY_STATE,STOCK_QUANTITY,ITEM_ID,SELLER_ID,DTYPE,CONTENT,NAME) VALUES (10000,1,0,20,1,'Mu','this is music10','music10');
--
--INSERT INTO ITEM_CATEGORY(CATEGORY_IDS, ITEM_ID) VALUES (1,1);
--INSERT INTO ITEM_CATEGORY(CATEGORY_IDS, ITEM_ID) VALUES (1,2);
--INSERT INTO ITEM_CATEGORY(CATEGORY_IDS, ITEM_ID) VALUES (1,3);
--INSERT INTO ITEM_CATEGORY(CATEGORY_IDS, ITEM_ID) VALUES (1,4);
--INSERT INTO ITEM_CATEGORY(CATEGORY_IDS, ITEM_ID) VALUES (1,5);
--INSERT INTO ITEM_CATEGORY(CATEGORY_IDS, ITEM_ID) VALUES (1,6);
--INSERT INTO ITEM_CATEGORY(CATEGORY_IDS, ITEM_ID) VALUES (1,7);
--INSERT INTO ITEM_CATEGORY(CATEGORY_IDS, ITEM_ID) VALUES (1,8);
--INSERT INTO ITEM_CATEGORY(CATEGORY_IDS, ITEM_ID) VALUES (1,9);
--INSERT INTO ITEM_CATEGORY(CATEGORY_IDS, ITEM_ID) VALUES (1,10);
--INSERT INTO ITEM_CATEGORY(CATEGORY_IDS, ITEM_ID) VALUES (1,21);
--INSERT INTO ITEM_CATEGORY(CATEGORY_IDS, ITEM_ID) VALUES (1,22);
--INSERT INTO ITEM_CATEGORY(CATEGORY_IDS, ITEM_ID) VALUES (1,23);
--
--INSERT INTO ITEM_CATEGORY(CATEGORY_IDS, ITEM_ID) VALUES (2,11);
--INSERT INTO ITEM_CATEGORY(CATEGORY_IDS, ITEM_ID) VALUES (2,12);
--INSERT INTO ITEM_CATEGORY(CATEGORY_IDS, ITEM_ID) VALUES (2,13);
--INSERT INTO ITEM_CATEGORY(CATEGORY_IDS, ITEM_ID) VALUES (2,14);
--INSERT INTO ITEM_CATEGORY(CATEGORY_IDS, ITEM_ID) VALUES (2,15);
--INSERT INTO ITEM_CATEGORY(CATEGORY_IDS, ITEM_ID) VALUES (2,16);
--INSERT INTO ITEM_CATEGORY(CATEGORY_IDS, ITEM_ID) VALUES (2,17);
--INSERT INTO ITEM_CATEGORY(CATEGORY_IDS, ITEM_ID) VALUES (2,18);
--INSERT INTO ITEM_CATEGORY(CATEGORY_IDS, ITEM_ID) VALUES (2,19);
--INSERT INTO ITEM_CATEGORY(CATEGORY_IDS, ITEM_ID) VALUES (2,20);
